points,repetition,seed,elapsed_ms
250,1,123,42.645
250,2,123,42.740
250,3,123,44.683
250,4,123,42.629
250,5,123,44.638
250,6,123,43.691
250,7,123,43.756
250,8,123,43.527
250,9,123,43.976
250,10,123,42.620
500,1,123,45.242
500,2,123,46.418
500,3,123,46.031
500,4,123,46.119
500,5,123,45.341
500,6,123,45.342
500,7,123,46.314
500,8,123,46.318
500,9,123,46.043
500,10,123,46.642
1000,1,123,51.644
1000,2,123,51.730
1000,3,123,52.721
1000,4,123,53.418
1000,5,123,52.421
1000,6,123,52.302
1000,7,123,52.650
1000,8,123,53.226
1000,9,123,60.135
1000,10,123,59.386
2000,1,123,90.012
2000,2,123,67.228
2000,3,123,66.229
2000,4,123,73.196
2000,5,123,66.874
2000,6,123,66.425
2000,7,123,65.714
2000,8,123,65.549
2000,9,123,119.259
2000,10,123,78.549
4000,1,123,112.090
4000,2,123,112.648
4000,3,123,105.559
4000,4,123,105.966
4000,5,123,106.472
4000,6,123,107.841
4000,7,123,106.549
4000,8,123,104.698
4000,9,123,104.621
4000,10,123,104.838
8000,1,123,249.447
8000,2,123,244.331
8000,3,123,245.927
8000,4,123,254.452
8000,5,123,245.795
8000,6,123,242.655
8000,7,123,246.320
8000,8,123,243.729
8000,9,123,247.231
8000,10,123,245.335
